avg_ot_pay,total_ot_pay,headcount,title
139302.896375,11144231.71,80,CHIEF MARINE ENGINEER
110896.61333333334,998069.52,9,SUPERVISOR SHEET METAL WORKER
110736.98083333333,1328843.77,12,SUPERVISOR STEAMFITTER
103973.93,415895.72,4,SUPERVISOR THERMOSTAT REPAIR
102228.84,1635661.44,16,CRANE OPERATOR AMPES
91819.16528571429,6427341.57,70,SUPERVISOR PLASTERER
88833.85,355335.4,4,SENIOR SYSTEMS ANALYSTS
85329.49,85329.49,1,SECRETARY OF THE DEPARTMENT
83782.56,251347.68,3,FORENSIC MORTUARY TECHNICIAN-COORD OF MORTUARY SERVICES
83288.6596,2082216.49,25,PILOT
82587.69290598291,9662760.07,117,SUPERVISOR PLUMBER
82110.12790697675,14122942.0,172,WARDEN-ASSISTANT DEPUTY WARDEN TED < 11/1/92
78314.38541666667,1879545.25,24,SUPERVISING DEPUTY SHERIFF - AL 1 ONLY 40 HR
75329.44727272728,828623.92,11,RIGGER
73639.62,147279.24,2,SUPERVISOR DOCKBUILDER
72406.78571428571,3041085.0,42,SUPERVISOR BRICKLAYER
72305.44666666667,650749.02,9,SUPERVISOR GLAZIER
72210.41727272727,794314.59,11,SHIP CARPENTER
68313.72335820895,9154038.93,134,MARINE ENGINEER
67926.46180722892,11275792.66,166,SUPERVISOR ELECTRICIAN
67835.4335021097,209000970.62,3081,CAPTAIN
65569.17627118644,3868581.4,59,SUPERVISING FIRE MARSHAL
65387.36061538462,4250178.44,65,TRACTOR OPERATOR
63980.854999999996,127961.70999999999,2,SUPERVISOR BOILER MAKER
63184.125,126368.25,2,SECRETARY TO THE FIRE COMMISSIONER
60940.519311163895,25655958.63,421,LIEUTENANT D/A COMMANDER OF DETECTIVE SQUAD
60844.805625,973516.89,16,BOILER MAKER
58909.996176470595,4005879.74,68,THERMOSTAT REPAIRER
58439.515919282516,13032012.05,223,SENIOR STATIONARY ENGINEER
58292.80630733945,50831327.1,872,POLICE OFFICER D/A DETECTIVE 1ST GR
57885.803076923075,1505030.88,26,STEAM FITTER'S HELPER
57456.27,57456.27,1,SECRETARY TO THE FIRST DEPUTY COMMISSIONER-PD
57344.857560975615,7053417.48,123,AREA SUPERVISOR
56934.34447154472,49020470.59,861,PLUMBER
56745.2825,453962.26,8,SUPERVISOR BRIDGE REPAIRER AND RIVETER
56603.776333333335,1698113.29,30,WIPER
55840.046355140184,5974884.96,107,SUPERVISOR CARPENTER
55580.65,55580.65,1,ADMINISTRATIVE TAX AUDITOR
54208.82191428572,18973087.67,350,LIEUTENANT D/A SPECIAL ASSIGNMENT
54101.17975308641,4382195.56,81,SHEET METAL WORKER
53841.40426842684,97883672.96,1818,POLICE OFFICER D/A DETECTIVE 2ND GR
53070.07,53070.07,1,ADMINISTRATIVE BLASTING INSPECTOR
52920.199377777775,11907044.86,225,SUPERVISOR PAINTER
52481.44333333333,157444.33,3,SUPERVISOR SHIP CARPENTER
52343.859806389155,54071207.18,1033,STATIONARY ENGINEER
51639.993333333325,309839.95999999996,6,SUPERVISOR OF IRONWORK
51521.28996460177,29109528.83,565,PLASTERER
50331.89119402985,3372236.71,67,SUPERVISOR ELEVATOR MECHANIC
50210.8457226792,42729429.71,851,SERGEANT-D/A SUPERVISOR DETECTIVE SQUAD
50126.13374754099,305769415.86,6100,LIEUTENANT
50074.63596153846,2603881.07,52,WELDER
49588.936229508196,6049850.22,122,MARINE OILER
48893.75569105691,12027863.9,246,FIRE MARSHAL
48871.21113207547,10360696.76,212,STEAM FITTER
48581.39333333333,145744.18,3,DEPUTY COMMISSIONER
48456.078883495145,19963904.5,412,PLUMBER'S HELPER
47128.27111111111,848308.88,18,ASBESTOS HANDLER SUPERVISOR
47003.79,94007.58,2,SECRETARY TO DEPUTY COMMISSIONER
45902.13766666666,1377064.13,30,FERRY TERMINAL SUPERVISOR
45759.63,183038.52,4,SENIOR INSTITUTIONAL TRADES INSTRUCTOR
44727.98172413793,1297111.47,29,SENIOR ADMINISTRATOR
44464.12135277737,303378699.99,6823,P.O. DA DET GR3
44212.474935064936,3404360.57,77,BRIDGE REPAIRER AND RIVETER
43442.26798334875,46961091.69,1081,ELECTRICIAN
43257.043423728814,25521655.62,590,SERGEANT-D/A SPECIAL ASSIGNMENT
42722.47116022099,7732767.28,181,BRICKLAYER
41661.666721698115,17664546.69,424,OILER
41476.25709427208,486599448.23,11732,CORRECTION OFFICER
41392.333750000005,331138.67000000004,8,ASBESTOS HAZARD INVESTIGATOR
41196.689470198675,6220700.11,151,ASSOCIATE YOUTH DEVELOPMENT SPECIALIST
41013.845,82027.69,2,SENIOR SUPERVISOR COMMUNICATION ELECTRICIAN
40826.399999999994,530743.2,13,SUPERVISING BLASTING INSPECTOR
40300.31106382979,1894114.62,47,DISTRICT SUPERVISOR
39919.62129032258,1237508.26,31,ASSISTANT CAPTAIN
38940.913314917125,14096610.62,362,GENERAL SUPERINTENDENT
38816.1925,776323.85,20,WARDEN-DEPUTY WARDEN TED < 11/1/92
38442.22985765125,10802266.59,281,ELECTRICIANS HELPER
38077.68378548896,96565006.08,2536,P.O. DET SPEC
37703.5,37703.5,1,CRIMINALIST DEPUTY DIRECTOR OF LABATORY
37514.05942583732,7840438.42,209,MATE
37495.34672955975,5961760.13,159,BATTALION CHIEF
37307.32280701754,2126517.4,57,GLAZIER
36892.540800821356,17966667.37,487,ELEVATOR MECHANIC
36189.43338235294,12304407.35,340,SUPERVISOR HIGHWAY REPAIRER
36086.479999999996,72172.95999999999,2,REPAIR SHOP MANAGER
35994.905,215969.43,6,OIL BURNER SPECIALIST
35939.562167501084,660425394.39,18376,FIREFIGHTER
35906.14158139535,38599102.2,1075,CARPENTER
35595.545,71191.09,2,APPRAISER
35432.1659056806,33058210.79,933,PAINTER
35378.374363992174,18078349.3,511,SUPERVISOR OF MECHANICS
35249.43767857143,1973968.51,56,SUPERVISOR OF TRAFFIC DEVICE MAINTAINERS
35189.7775,140759.11,4,SUPERVISING HOUSEKEEPER
33846.67222222222,304620.05,9,SUPERVISOR OF CHILD CARE
32882.06,65764.12,2,CHIEF CLERK
32796.79479245283,8691150.62,265,DEPUTY CITY SHERIFF - NON-SPVR
31865.02333333333,2198686.61,69,ADMINISTRATIVE DIRECTOR OF RESIDENTIAL CHILD CARE
31821.908999999996,318219.08999999997,10,STENOGRAPHER TO EACH DEPUTY COMMISSIONER
31756.876666666667,190541.26,6,ASSOCIATE OPERATIONS COMMUNICATIONS SPECIALIST
30995.290208333332,5951095.72,192,GASOLINE ROLLER ENGINEER-L15
30942.689615384617,1609019.86,52,CHAUFFEUR-ATTENDANT
30553.27054054054,2260942.02,74,PROGRAM SPECIALIST CORRECTION
30469.60784,3808700.98,125,MASONS HELPER
30421.1044,760527.61,25,MARINER
30251.965500000002,605039.31,20,SUPERVISOR ROOFER
30217.994705882356,513705.91000000003,17,SUPERVISING COMMUNICATION ELECTRICIAN
30191.95756578947,4589177.55,152,CEMENT MASON
30173.973599999998,1508698.68,50,ASSOCIATE AIR POLLUTION INSPR
29807.5327027027,1102878.71,37,PROJECT COORDINATOR
29604.605444444445,2664414.49,90,SUPERVISING FIRE ALARM DISPATCHER
29263.855,58527.71,2,DEPUTY DIRECTOR OF MEDICOLEGAL INVESTIGATIONS
29211.495774594798,232494294.87,7959,SERGEANT-
29132.21470588235,4457228.85,153,HIGH PRESSURE PLANT TENDER
28803.434841897233,14574538.03,506,DECKHAND
28722.319351574213,76631148.03,2668,SUPERVISOR
28607.850000000002,57215.700000000004,2,SECRETARY TO THE FIRST DEPUTY COMMISSIONER
28547.16,28547.16,1,ADMINISTRATIVE DIRECTOR OF MARINE MAINTENANCE
28467.19153846154,3330661.41,117,SUPERVISOR OF ELECTRICAL INSTALLATIONS & MAINTENANCE
28429.443793103448,3297815.48,116,FORENSIC MORTUARY TECHNICIAN
28425.715000000004,56851.43000000001,2,SENIOR AUTOMOTIVE SPECIALIST
28357.66,170145.96,6,HOUSEKEEPER
27645.7275,110582.91,4,PLANNER: PRODUCTION CNTRL & SCHEDULING
27174.364999999998,108697.45999999999,4,DIRECTOR OF MOTOR EQUIPMENT MAINTENANCE-NM
26657.333333333332,2639076.0,99,SUPERVISOR OF TRAFFIC DEVICE MAINTAINERS LEVEL 1 ONLY
26557.45642857143,743608.78,28,SUPERVISOR OF RADIO REPAIR OPERATIONS
26290.65781818182,1445986.18,55,SUPERVISING RACKETS INVESTIGATOR START >4-24-08 NO ABC
26201.19,26201.19,1,ADMIN TRAFFIC ENFRCMNT AGENT
25743.76777777778,231693.91,9,ASSISTANT COUNSEL-PD
25595.632149999998,30714758.58,1200,SUPERVISING EMERGENCY MEDICAL SERVICE SPECIALIST
25397.729863013697,1854034.28,73,ASSOCIATE WATER USE INPECTOR
25374.53975724354,32403287.27,1277,ASSOCIATE BENEFITS OPPORTUNITY SPECIALIST
25245.802243589744,3938345.15,156,ADMINISTRATIVE ASSOCIATE
24913.68,24913.68,1,CONSTRUCTION PROJECT MANAGER INTERN
24902.915,49805.83,2,SUPERVISING ACCOUNTANT INVESTIGATOR
24551.226666666666,73653.68,3,COUNTY DETECTIVE
24314.249842519686,6175819.46,254,MACHINIST
24211.651290322578,1501122.38,62,ASBESTOS HANDLER
24110.33867647059,1639503.03,68,MOTOR GRADER OPERATOR
23949.724455445543,2418922.17,101,ADMIN INSPECTOR
23902.660744680852,6740550.33,282,ELEVATOR MECHANIC HELPER
23388.329999999998,233883.3,10,CONGREG CARE SPEC- DJJ
23366.4075,93465.63,4,SECRETARY TO THE COMMISSIONER
23168.076666666668,486529.61,21,SENIOR REPAIR CREW CHIEF
23118.891886792455,1225301.27,53,SCHOOL LUNCH LOADER AND HANDLER
22784.590271903322,7541699.38,331,FIRE ALARM DISPATCHER
22752.8475,91011.39,4,"COORDINATOR, ELECTION DAY OPERATIONS"
22611.398510638297,2125471.46,94,COMMUNICATION ELECTRICIAN
22412.9898019802,2263711.97,101,ASSISTANT SUPERINTENDENT OF WELFARE SHELTERS
22201.514848484847,2197949.9699999997,99,METAL WORK MECHANIC
22051.3,44102.6,2,STATISTICIAN
21870.316,218703.16,10,MARINE ELECTRONICS TECHNICIAN
21861.947500000002,174895.58000000002,8,SUPERVISING DEMOLITION INSPECTOR
21571.289545454547,474568.37,22,SENIOR ADMINISTRATIVE ASSISTANT
21556.514748603353,3858616.14,179,ADMIN JOB OPPORTUNITY SPEC NM
21357.303913043477,491217.99,23,SUPERINTENDENT OF ADULT INSTITUTIONS
21323.513540856035,5480142.98,257,RADIO REPAIR MECHANIC
21030.196172650878,27528526.79,1309,HIGHWAY REPAIRER
20811.945073746312,7055249.38,339,SENIOR SEWAGE TREATMENT WORKER
20792.0916500578,1043222406.45,50174,POLICE OFFICER
20733.77,20733.77,1,DIRECTOR OF CRIME STRATEGIES AND ANALYSIS
20503.74882352941,697127.46,34,PROGRAM EVALUATOR
20472.602898550726,8475657.6,414,SUPERVISOR OF HOUSING CARETAKER
20344.68794117647,691719.39,34,DOCKBUILDER
20081.56206451613,3112642.12,155,ENGINEERING TECHNICIAN
19993.89,19993.89,1,CHAUFFEUR
19902.516193548385,6169780.02,310,SUPERVISING HOUSING GROUNDSKEEPER
19856.53357142857,277991.47,14,SUPERVISOR OF MOTOR TRANSPORT
19808.251564945225,25314945.5,1278,YOUTH DEVELOPMENT SPECIALIST
19516.671414141412,1932150.47,99,ROOFER
19474.149891666668,23368979.87,1200,SEWAGE TREATMENT WORKER
19421.114193548387,602054.54,31,WATER TREATMENT PLANT OPERATOR L2 & 3
19389.80875,155118.47,8,COMPOSITOR
19330.231032110092,8427980.73,436,RESIDENT BUILDING SUPERINTENDENT
19239.0,19239.0,1,ADMINISTRATIVE HOUSING DEVELOPMENT SPECIALIST
19226.93875739645,3249352.65,169,SENIOR VOTING MACHINE TECHNICIAN
18949.51,18949.51,1,CHAUFFEUR ATTENDANT
18853.905824175825,5147116.29,273,ASSOCIATE FRAUD INVESTIGATOR
18822.433842975206,13665086.97,726,CITY LABORER
18159.307565217394,4176640.74,230,CONGREG CARE SPEC - ACS
18089.163214285716,506496.57,28,COLLEGE SECURITY SPECIALIST
17854.995714285713,124984.97,7,DIRECTOR OF EQUIPMENT
17785.401671087533,6705096.43,377,SUPERVISING POLICE COMMUNICATIONS TECHNICIAN
17613.49021276596,827834.04,47,CITY SECURITY AIDE
17412.737751937984,2246243.17,129,PRINCIPAL POLICE COMMUNICATION TECHNICIAN
17251.411972111553,8660208.81,502,SUPERVISOR I
17148.268629489605,36285736.42,2116,AUTO MECHANIC
17051.35822742475,5098356.11,299,SENIOR RACKETS INVESTIGATOR - START >4-24-08 NO ABC
17025.32664994985,33948501.34,1994,EMERGENCY MEDICAL SPECIALIST-PARAMEDIC
16905.14,33810.28,2,SECRETARY OF COMMISSIONER
16874.933926940637,3695610.53,219,SUPERVISOR OF SCHOOL SECURITY
16834.70682713348,7693461.02,457,ASSISTANT RESIDENT BUILDING SUPT
16693.431040339703,7862606.02,471,FRAUD INVESTIGATOR
16517.65125,132141.21,8,ASSISTANT PRINCIPAL CUSTODIAL SUPERVISOR
16479.99449275362,1137119.6199999999,69,ASSOC SPVR OF SCHOOL SECURITY
16403.449667503137,235323888.93,14346,SANITATION WORKER
16398.01796296296,8854929.7,540,SUPERVISING SPECIAL OFFICER
16366.81,49100.43,3,PORT MARINE ENGINEER
16330.86662162162,1208484.13,74,MOTOR VEHICLE SUPERVISOR
16275.192000000001,81375.96,5,ASSOCIATE PUBLIC RECORDS OFFICER
16193.470000000001,32386.940000000002,2,SECRETARY TO THE COMMISSIONER OF CORRECTION
16155.710000000001,161557.1,10,MANAGER OF RADIO REPAIR OPERATIONS
16124.49195180723,6691664.16,415,TRAFFIC DEVICE MAINTAINER
16110.76923076923,209440.0,13,SENIOR COMPUTER PROGRAMMER
16094.141666666668,193129.7,12,AUTO MACHINIST
16091.662826086957,740216.49,46,PSYCHOLOGIST
16022.502370370368,2163037.82,135,BRIDGE OPERATOR
15956.12824232082,9350291.15,586,CUSTODIAN
15838.857739130433,14571749.12,920,ASSOCIATE TRAFFIC ENFORCEMENT AGENT
15806.564999999999,126452.51999999999,8,CUNY BROADCAST ASSOCIATE
15775.370952380952,662565.58,42,SENIOR IT ARCHITECT
15675.434776119404,3150762.39,201,TRAINER ASSISTANT
15666.89342857143,1096682.54,70,CITY MORTUARY TECHNICIAN
15642.717125000001,1251417.37,80,SUPERVISING THERAPIST
15599.466396396396,1731540.77,111,INSTITUTIONAL AIDE
15545.481380597013,4166189.01,268,VOTING MACHINE TECHNICIAN
15521.418768656717,4159740.23,268,ADMINISTRATIVE DIRECTOR OF SOCIAL SERVICES
15495.237,1239618.96,80,SUPERVISOR OF MECHANICAL INSTALLATIONS & MAINTENANCE
15463.074476190477,6494491.28,420,HEATING PLANT TECHNICIAN
15447.085904522613,6147940.19,398,ASSOCIATE FIRE PROTECTION INSPECTOR
15441.276000000002,77206.38,5,ASSISTANCE FINANCE OFFICER
15424.123543307087,1958863.69,127,RACKETS INVESTIGATOR - START >4-24-08 NO ABC
15352.5825,491282.64,32,LETTERER AND SIGN PAINTER
15009.83705882353,255167.23,17,SUPERVISOR BRIDGE PAINTER
14891.369999999999,238261.91999999998,16,ASSISTANT TRANSPORTATION SPECIALIST
14847.425357142856,831455.82,56,ADMIN TRAFFIC ENF AGNT-UNION
14841.663863636362,653033.21,44,IT INFRASTRUCTURE ENGINEER
14836.54,14836.54,1,ASSISTANT EXECUTIVE DIRECTOR
14616.460000000001,29232.920000000002,2,SENIOR SERVICE INSPECTOR
14609.246538461537,379840.41,26,BLACKSMITH
14562.109636363637,800916.03,55,LOCKSMITH
14525.209660620245,49647166.62,3418,MAINTENANCE WORKER
14501.535747508307,39284660.34,2709,BENEFITS OPPORTUNITY SPECIALIST
14369.412142857143,402343.54000000004,28,ASSOCIATE EDUCATION ANALYST
14343.03,14343.03,1,COMMISSARY MANAGER
14262.834356164383,5205934.54,365,MOTOR VEHICLE OPERATOR
14111.767678571428,3951294.95,280,ASSOCIATE INSPECTOR
14079.053708987161,9869416.65,701,CONSTRUCTION LABORER
14010.900108695652,1289002.81,92,ASSISTANT ELECTRICAL ENGINEER
13894.365,83366.19,6,ADMIN JOB OPOR SPEC-MANAGERIAL
13887.104074074074,4499421.72,324,TRANSPORTATION SPECIALIST
13752.509333333333,412575.28,30,ASSISTANT CHEMICAL ENGINEER
13673.42875,218774.86,16,INSPECTOR HOISTS AND RIGGING
13556.914070351759,2697825.9,199,ASSOCIATE CHEMIST
13447.074202898551,927848.12,69,BRIDGE PAINTER
13437.351837750404,107995996.72,8037,SCHOOL SAFETY AGENT
13377.726820809246,2314346.7399999998,173,SUPERVISOR II
13362.21,13362.21,1,DEPUTY DIRECTOR OF ADMIN WORKER'S COMP BENEFITS
13279.248502202643,3014389.41,227,ADMINISTRATIVE ASSISTANT
13110.20375,209763.26,16,BLACKSMITH'S HELPER
12869.798235294118,875146.28,68,MEDICOLEGAL INVESTIGATOR
12805.91205882353,870802.02,68,POLICE ATTENDANT
12754.8225,153057.87,12,SUPERVISOR OF RADIO AND TELEVISION OPERATORS
12735.013125,203760.21,16,ASSOCIATE REAL PROPERTY MANAGER
12733.135,152797.62,12,*CERTIFIED LOCAL AREA NETWORK ADMINISTRATOR
12686.51593220339,748504.4400000001,59,ADMINISTRATIVE QUALITY ASSURANCE SPECIALIST
12627.602256410257,2462382.44,195,TELECOMMUNICATIONS ASSOCIATE
12570.454782608696,289120.46,23,SUPERVISOR II SOCIAL WORK
12567.31085106383,590663.61,47,LEGAL COORDINATOR
12527.416222222222,563733.73,45,REPORTER/ STENOGRAPHER
12502.28275862069,362566.2,29,STRATEGIC INITIATIVE SPECIALIST
12453.82062937063,10685378.1,858,CHILD PROTECTIVE SPECIALIST SUPERVISOR
12218.96644736842,928641.45,76,AIR POLLUTION INSPECTOR
12205.58142857143,170878.14,14,*ATTORNEY AT LAW
12194.753904761905,1280449.16,105,ADMINISTRATIVE PARKS & RECREATION MANAGER
12085.203351648353,2199507.0100000002,182,HIGHWAYS AND SEWERS INSPECTOR
11906.67357638889,3429121.99,288,HOUSING MANAGER
11845.7075,331679.81,28,IT SERVICE MANAGEMENT SPECIALIST
11845.357449856734,4134029.75,349,ENVIRONMENTAL POLICE OFFICER
11832.600819214671,59364158.31,5017,TRAFFIC ENFORCEMENT AGENT
11743.687727272727,516722.26,44,RUBBER TIRE REPAIRER
11636.069190140845,3304643.65,284,ASSISTANT HOUSING MANAGER
11634.537,116345.37,10,ADMINISTRATIVE SUPERVISOR OF BUILDING MAINTENANCE
11612.791116584565,7072189.79,609,CERTIFIED IT ADMINISTRATOR
11571.014621848739,1376950.74,119,CAMPUS PUBLIC SAFETY SERGEANT
11562.587,115625.87,10,SPECIAL CONSULTANT
11544.525000000001,46178.100000000006,4,ADMINISTRATIVE SPACE ANALYST
11522.80666666667,34568.420000000006,3,SUPERVISING EMERGENCY MEDICAL SERVICE SPECIALIST-DPTY CHIEFS
11468.462702702702,424333.12,37,ADMINISTRATIVE CONTRACT SPECIALIST
11445.106,114451.06,10,SUPERVISOR III SOCIAL WORK
11438.32320652174,2104651.47,184,SUPERVISOR OF STOCK WORKERS
11305.449124423963,2453282.46,217,CHILD AND FAMILY SPECIALIST
11159.96,11159.96,1,PRINCIPAL ACCOUNTANT INVESTIGATOR
11142.502747252747,2027935.5,182,IT PROJECT SPECIALIST
11064.482834645669,29508975.72,2667,ELIGIBILITY SPECIALIST
10999.998666666668,164999.98,15,MECHANICAL ENGINEER
10974.31608183079,15824963.79,1442,STAFF NURSE
10949.465,21898.93,2,DIRECTOR OF URBAN PARK RANGER PROGRAM
10938.07561403509,623470.31,57,CITY MEDICAL EXAMINER
10909.579375,523659.81,48,AUTO BODY WORKER
10901.634814814815,588688.28,54,SUPERVISOR III
10896.937188940092,2364635.37,217,ADMINISTRATIVE ENGINEER
10777.259318181817,474199.41,44,COMPUTER OPERATIONS MANAGER
10755.739489051095,2947072.62,274,ADMINISTRATIVE PROJECT MANAGER
10720.631041666666,514590.29,48,INDUSTRIAL HYGIENIST
10617.101219512195,435301.15,41,UNKNOWN
10524.945,21049.89,2,BOROUGH COMMISSIONER
10518.33,84146.64,8,SUPERVISOR OF HOUSING STOCK WORKERS
10315.988392857142,577695.35,56,ADMIN CONSTRUCTION PROJECT MANAGER
10088.76,20177.52,2,*CERTIFIED DATABASE ADMINISTRATOR
10046.586296296296,542515.66,54,IT SECURITY SPECIALIST
10013.240825593395,9702830.36,969,CITY CUSTODIAL ASSISTANT
9925.498599162544,26074284.82,2627,POLICE COMMUNICATIONS TECHNICIAN
9779.62537313433,655234.9,67,INSTRUMENTAL SPECIALIST
9768.550204081634,957317.92,98,EXTERMINATOR
9765.472857142857,68358.31,7,ASSOCIATE PARKING CONTROL SPECIALIST
9734.664046242775,1684096.8800000001,173,CHILD WELFARE SPECIALIST
9584.982807017544,1639032.06,171,CLIMBER & PRUNER
9461.014,47305.07,5,ADMINISTRATIVE BUSINESS PROMOTION COORDINATOR
9439.9315193897,14849012.28,1573,SPECIAL OFFICER
9421.964604236344,42257511.25,4485,PRINCIPAL ADMINISTRATIVE ASSOCIATE - NON SUPVR
9396.346,46981.729999999996,5,ADMINISTRATIVE PUBLIC HEALTH SANITARIAN
9394.40280487805,770341.03,82,WORKER'S COMPENSATION BENEFITS EXAMINER
9339.353529411765,317538.02,34,IT AUTOMATION AND MONITORING ENGINEER
9170.219090909091,100872.41,11,ASSOC INSPECTOR
9158.758421052631,174016.41,19,ADMINISTRATIVE INVESTIGATOR
9151.8094,457590.47,50,PUBLIC HEALTH EMERGENCY PREPAREDNESS SPECIALIST
9144.717226748133,53880673.9,5892,EMERGENCY MEDICAL SPECIALIST-EMT
9111.148666666666,956670.61,105,CHILD WELFARE SPECIALIST SUPERVISOR
9087.24,18174.48,2,ADMINISTRATIVE SUPERVISOR OF SKILLED TRADES
9073.585,36294.34,4,CRIMINALIST ASSISTANT DIRECTOR OF LABORATORY
9046.177023809523,759878.87,84,TRAFFIC CONTROL INSPECTOR
9029.540018020183,75161891.11,8324,CARETAKER
9008.288571428571,378348.12,42,PRINTING PRESS OPERATOR
8962.387424657534,3271271.41,365,FINANCIAL CLERK
8943.850692307693,1162700.59,130,SCHOOL BUSINESS MANAGER
8942.143508353221,3746758.13,419,ASSOCIATE RETIREMENT BENEFITS EXAMINER
8927.27,17854.54,2,CHIEF OF STAFF
8921.794,89217.94,10,ELECTRICAL ENGINEER
8911.394252873564,775291.3,87,ADMINISTRATIVE HOUSING SUPERINTENDENT
8892.984504504504,1974242.56,222,ASSOCIATE URBAN PARK RANGER
8884.724096385542,6636888.9,747,COMPUTER ASSOCIATE
8839.88290909091,972387.12,110,CLAIM SPECIALIST
8823.295277234181,13526111.66,1533,CASEWORKER
8794.405999999999,43972.03,5,*HOUSING CARETAKER
8790.12375,140641.98,16,HOUSING EXTERMINATOR-AL IV
8757.450114213198,6900870.69,788,CRIMINALIST
8755.189166666667,105062.27,12,ENVIRONMENTAL ENGINEER
8721.599668049792,2101905.52,241,RECREATION SUPERVISOR
8689.25700301205,5769666.65,664,AGENCY ATTORNEY
8674.895444444444,780740.59,90,ASSOCIATE TAXI & LIMOUSINE INSPECTOR
8669.561884057972,598199.77,69,PROJECT MANAGER
8637.159,1381945.44,160,CITY PLANNER
8624.674785407726,4019098.45,466,ADMIN COMMUNITY RELATIONS SPECIALIST
8587.890954545455,3778672.02,440,ASSOCIATE PROJECT MANAGER
8586.349375,137381.59,16,CHIEF CARETAKER
8553.890051107326,5021133.46,587,CONSTRUCTION PROJECT MANAGER
8495.875646067416,3024531.73,356,EVIDENCE AND PROPERTY CONTROL SPECIALIST
8489.590476190477,178281.4,21,LEAD ABATEMENT WORKER
8479.655555555555,992119.7,117,ASSISTANT MECHANICAL ENGINEER
8422.91696969697,277956.26,33,ENVIRONMENTAL ENGINEERING INTERN
8413.3525,33653.41,4,CITY DEBRIS REMOVER
8410.977195121952,689700.13,82,INTELLIGENCE RESEARCH SPECIALIST-PD
8404.17,8404.17,1,DIRECTOR OF MOTOR TRANSPORT
8394.875882352942,142712.89,17,PARKING CONTROL SPECIALIST
8371.28,16742.56,2,DEPUTY COMMISSIONER FOR ADMINISTATION
8347.702884615384,434080.55,52,HOUSING DEVELOPMENT SPECIALIST
8338.492857142857,58369.45,7,CONFIDENTIAL AGENCY INVESTIGATOR
8268.332,41341.66,5,EXECUTIVE PROGRAM SPECIALIST
8209.932592592593,221668.18,27,MACHINIST'S HELPER
8187.997457627118,483091.85,59,CASHIER
8162.013915662651,2709788.62,332,SUPERVISING PROBATION OFFICER
8140.754190871369,11771530.56,1446,ADM MANAGER-NON-MGRL
8139.698227848102,643036.16,79,CAPTAIN D/A DEPUTY CHIEF
8105.398857142858,567377.92,70,CAPTAIN D/A INSPECTOR
8064.2391443850265,1508012.72,187,ADMINISTRATIVE PROCUREMENT ANALYST-NON-MGRL
7974.85,7974.85,1,ASSISTANT COMMISSIONER
7930.7814285714285,166546.41,21,ASSOCIATE LABOR RELATIONS ANALYST
7915.877712177121,2145202.86,271,FIRE PROTECTION INSPECTOR
7891.116666666666,23673.35,3,GENERAL INSPECTOR
7810.854774193549,7264094.94,930,COMPUTER SPECIALIST
7786.076666666667,23358.23,3,ATTENDING PHYSICIAN
7784.4725,31137.89,4,ADMINISTRATIIVE TAXI & LIMOUSINE INSPECTOR
7739.434583333334,557239.29,72,SUPERVISING PUBLIC HEALTH ADVISER
7619.4685714285715,106672.56,14,DIRECTOR OF FIELD OPERATIONS
7618.754000000001,38093.770000000004,5,ADMINISTRATIVE SUPERINTENDENT OF HIGHWAY OPERATIONS
7611.249769633509,7268743.53,955,ADMINISTRATIVE STAFF ANALYST
7499.29507122507,2632252.57,351,COMPUTER SYSTEMS MANAGER
7466.406037735849,395719.52,53,SUPERVISING COMPUTER SERVICE TECHNICIAN
7433.827211538462,773118.03,104,WATER USE INSPECTOR
7393.845208333333,354904.57,48,CORRECTIONAL STANDARDS REVIEW SPECIALIST
7383.259166666667,88599.11,12,POISON INFORMATION SPECIALIST
7342.338095238096,308378.2,42,HOSTLER
7333.645,44001.87,6,ESTIMATOR
7331.265384615384,190612.9,26,STAFF NURSE ASSIGNMENT LEVEL 3
7305.29,7305.29,1,EQUAL EMPLOYMENT OPPORTUNITY OFFICER
7251.542307692308,94270.05,13,MARINE MAINTENANCE MECHANIC
7249.14855345912,1152614.62,159,ASSOCIATE INVESTIGATOR
7228.891710526316,549395.77,76,ADMINISTRATIVE CITY PLANNER
7198.949989680083,6975782.54,969,PARK SUPERVISOR
7189.291666666667,86271.5,12,ADMINISTRATIVE REAL PROPERTY MANAGER
7150.172385786802,1408583.96,197,BOOKKEEPER
7103.944554973821,1356853.41,191,ANALYST
7091.535714285715,49640.75,7,MEDICAL RECORD LIBRARIAN
7090.883826086957,815451.64,115,MEDIA SERVICES TECHNICIAN
7075.63294117647,120285.76,17,TELEPHONE SERVICE TECHNICIAN
7055.123924050634,557354.79,79,ADMINISTRATIVE ACCOUNTANT
7035.947817258883,1386081.72,197,CLERK TO THE BOARD
7013.464444444445,63121.18,9,PRINCIPAL CUSTODIAL SUPERVISOR
6980.6275000000005,27922.510000000002,4,ADMINISTRATIVE PRINTING SERVICES MANAGER
6963.037324572279,28081929.53,4033,CHILD PROTECTIVE SPECIALIST
6959.474,34797.37,5,DEPUTY CHIEF OF OPERATIONS
6908.453579175705,6369594.2,922,HOUSING ASSISTANT
6863.375714285715,2546312.39,371,ASSISTANT CIVIL ENGINEER
6855.08582278481,541551.78,79,QUALITY ASSURANCE SPECIALIST
6850.393166666666,411023.58999999997,60,ASSOCIATE LABORATORY MICROBIOLOGIST
6843.177894736841,130020.37999999999,19,TELECOMMUNICATIONS MANAGER
6840.7227734375,1751225.03,256,EMERGENCY PREPAREDNESS SPECIALIST
6665.754732142857,1493129.06,224,PARALEGAL AIDE
6580.78825,263231.52999999997,40,CASE MANAGEMENT NURSE
6562.628630136986,479071.89,73,CAPTAIN D/A DEPUTY INSPECTOR
6544.261127819549,1740773.46,266,CAMPUS PEACE OFFICER
6510.54598615917,7526191.16,1156,CLERICAL ASSOCIATE MOST MAYORAL AG
6506.69052631579,123627.12,19,PROGRAM PRODUCER
6478.5059375,207312.19,32,PUBLIC HEALTH EPIDEMIOLOGIST
6472.2325,258889.3,40,SUPERVISOR OF OFFICE MACHINE OPERATIONS
6425.9073255813955,1105256.06,172,CERTIFIED IT DEVELOPER
6403.51875,51228.15,8,WATER TREATMENT PLANT OPERATOR L1
6378.994827586207,184990.85,29,ADMIN HOUSING DEVELOPMENT SPEC
6334.868,63348.68,10,ADMINISTRATIVE CLAIM EXAMINER
6313.917298245614,3598932.86,570,INSPECTOR CONSTRUCTION
6297.4025,100758.44,16,LABORATORY MICROBIOLOGIST
6275.8755769230775,326345.53,52,CUSTODIAL SUPERVISOR
6262.879074074074,338195.47000000003,54,ASSISTANT ENVIRONMENTAL ENGINEER
6243.066785714285,3321311.53,532,INVESTIGATOR
6214.255,12428.51,2,"COORDINATOR, VOTER REGISTRATION ACTIVITIES"
6157.114,61571.14,10,SENIOR ACCOUNTANT INVESTIGATOR
6142.899166666667,73714.79000000001,12,POISON INFORMATION SPECIALISTS
6128.583166666666,1103144.97,180,CITY ASSESSOR
6072.001944444444,437184.14,72,ADMINISTRATIVE EDUCATION ANALYST
5993.638571428572,83910.94,14,ADMINISTRATIVE MANAGER
5986.42625,143674.23,24,SENIOR CUSTODIAL SUPERVISOR
5975.1179104477615,400332.9,67,INSPECTOR ELEVATORS
5942.572389937107,944869.01,159,CHIEF LIFEGUARD
5923.483513513514,219168.89,37,OPERATIONS COMMUNICATIONS SPECIALIST
5889.0303932584275,1048247.41,178,ACCOUNTANT
5872.852098765432,475701.02,81,ASSOCIATE HOUSING DEVELOPMENT SPECIALIST
5863.977021276595,275606.92,47,ADMINISTRATIVE MANAGEMENT AUDITOR
5839.840000000001,40878.880000000005,7,ADMINISTRATIVE GRAPHIC ARTIST
5795.406666666667,139089.76,24,ASSOCIATE JOB OPPORTUNITY SPECIALIST
5701.81,410530.32,72,COMPUTER SERVICE TECHNICIAN
5696.459507389162,1156381.28,203,ASSOCIATE PUBLIC HEALTH SANITARIAN
5677.127384615385,369013.28,65,CIVIL ENGINEERING INTERN
5623.541875,269930.01,48,*SENIOR COOK
5611.83,5611.83,1,ADMINISTRATIVE PSYCHOLOGIST
5610.983658536586,230050.33000000002,41,ASSOCIATE CONTRACT SPECIALIST
5590.858157894737,1699620.88,304,CAMPUS SECURITY ASSISTANT
5578.0,5578.0,1,FIRST DEPUTY COMMISSIONER
5558.691111111111,250141.1,45,ADMINISTRATIVE HORTICULTURIST
5544.360414746544,7218757.26,1302,CLERICAL ASSOCIATE
5517.6175,22070.47,4,INVESTIGATOR TRAINEE
5501.431,2695701.19,490,STAFF ANALYST
5474.165066505441,4527134.51,827,PROBATION OFFICER
5468.397487352445,3242759.71,593,PHYSICAL THERAPIST
5454.046995305164,1161712.01,213,APPRENTICE INSPECTOR
5446.281111111111,833281.01,153,CIVIL ENGINEER
5373.216923076923,69851.82,13,ADMINISTRATIVE PUBLIC INFORMATION SPECIALIST NM FORMER M1/M2
5356.345,42850.76,8,ADMINISTRATIVE FIRE PROTECTION INSPECTOR
5341.1532,1335288.3,250,PUBLIC HEALTH SANITARIAN
5329.849774774774,1183226.65,222,AUTOMOTIVE SERVICE WORKER
5328.29775510204,261086.59,49,PROJECT MANAGER INTERN#
5326.368100911002,7600727.28,1427,ASSISTANT CITY HIGHWAY REPAIRER
5283.2432198142415,1706487.56,323,WATERSHED MAINTAINER
5273.59674351585,1829938.07,347,TEMPORARY CLERK
5271.196320754716,558746.8099999999,106,SCIENTIST
5210.83320661157,28372986.81,5445,COMMUNITY COORDINATOR
5208.905833333333,125013.74,24,LEGAL SECRETARIAL ASSISTANT
5206.357058823529,88508.06999999999,17,X-RAY TECHNICIAN
5195.143333333333,46756.29,9,ASSISTANT MEDIA SERVICES TECHNICAN
5171.423870967742,160314.14,31,CONTRACT SPECIALIST
5166.459090909091,170493.15,33,SPACE ANALYST
5162.116666666666,30972.699999999997,6,SENIOR CONSULTANT
5158.2168,2837019.24,550,ASSOCIATE STAFF ANALYST
5154.134444444444,92774.42,18,ADMINISTRATIVE RETIREMENTS BENEFITS SPECIALIST
5094.8423999999995,127371.06,25,PUBLIC RECORDS AIDE
5083.8375,20335.35,4,INVESTIGATIVE MANAGER
5066.495181818182,557314.47,110,LANDSCAPE ARCHITECT
5027.391777777778,226232.63,45,CHAPLAIN
5007.302553191489,470686.44,94,ADMINISTRATIVE EDUCATION OFFICER
4997.949090909091,54977.44,11,SECRETARY TO THE DEPUTY COMMISSIONER
4990.0678823529415,424155.77,85,ASSOCIATE SANITATION ENFORCEMENT AGENT
4981.263636363637,54793.9,11,SUPERVISING RACKETS INVESTIGATOR
4932.546363636364,54258.01,11,LABORATORY HELPER
4925.8690839694655,645288.85,131,CITY ATTENDANT
4915.981707317073,201555.25,41,SENIOR PHOTOGRAPHER
4911.693333333334,132615.72,27,SUPERVISOR OF NURSES
4890.37,4890.37,1,"BOROUGH MANAGER, OFFICE OF NEIGHBORHOOD SAFETY"
4873.3975,194935.9,40,ASSISTANT ARCHITECT
4833.495714285715,33834.47,7,ADMINISTRATIVE HOUSING MANAGER
4830.422826086957,222199.45,46,ECONOMIST
4795.3366857142855,839183.92,175,STOCK WORKER
4724.320000000001,14172.960000000001,3,DEPUTY DIRECTOR OF ADMINISTRATION
4709.627884615385,244900.65,52,SPEC CONSULTANT
4598.817358490566,487474.64,106,HOUSING EXTERMINATOR-AL II & III
4580.1264,114503.16,25,ASSISTANT PRINTING PRESS OPERATOR
4538.71,4538.71,1,EXECUTIVE DIRECTOR OF FLEET OPERATIONS
4527.18609375,579479.82,128,PROTECTION AGENT
4524.881330049261,3674203.64,812,COMMUNITY ASSISTANT
4514.839,90296.78,20,SYSTEMS ADMINISTRATOR-CAM FIN BD
4512.2585714285715,31585.81,7,NUTRITIONIST
4498.041111111111,40482.369999999995,9,EXAMINING ATTORNEY
4479.692,22398.46,5,CHIEF INVESTIGATING ACCOUNTANT
4425.95880952381,185890.27,42,SUPERVISOR OF INVESTIGATORS
4377.105555555556,78787.90000000001,18,SUPERVISOR I SOCIAL WORK
4356.440102040816,1280793.39,294,SCHOOL COMPUTER TECHNOLOGY SPECIALIST
4312.712744425386,2514311.53,583,ASSOCIATE PARK SERVICE WORKER
4273.254019607843,435871.91,102,EMERGENCY SERVICE AIDE
4247.617146892655,1503656.47,354,JR PHNURSE
4219.3388695652175,485223.97000000003,115,MANAGEMENT AUDITOR
4213.308,21066.54,5,*AGENCY ATTORNEY
4196.750357142857,117509.01,28,RESEARCH ASSISTANT
4188.513181818182,92147.29,22,ADMINISTRATIVE ARCHITECT
4176.663913043478,1152759.24,276,PROCUREMENT ANALYST
4175.23,4175.23,1,DIRECTOR OF FEDERAL AND STATE ASSET FORFEITURE SPECIAL PROJ
4168.011214574899,2058997.54,494,CITY RESEARCH SCIENTIST
4014.768547904192,2681865.39,668,SENIOR POLICE ADMINISTRATIVE AIDE
4013.8045054945055,365256.21,91,SPECIAL INVESTIGATOR
4002.3335714285713,56032.67,14,DEPUTY INSPECTOR GENERAL
4001.7425000000003,16006.970000000001,4,ASSISTANT TO THE COMMISSIONER
3997.993679245283,1271361.99,318,GARDENER
3994.909739130435,1837658.48,460,CUSTOMER INFORMATION REPRESENTATIVE MA L 1549
3918.0127795527155,2452676.0,626,INSPECTOR
3900.64,7801.28,2,CARRIAGE UPHOLSTERER
3891.4769879518076,322992.59,83,SOCIAL WORKER
3853.1020000000003,19265.510000000002,5,*SENIOR ESTIMATOR
3812.788235294118,64817.4,17,HOUSING STOCK WORKER
3742.0950000000003,7484.1900000000005,2,ADMIN TESTS & MEAS SPEC
3713.915,215407.07,58,PUBLIC HEALTH EDUCATOR
3711.376886892178,7021925.07,1892,OCCUPATIONAL THERAPIST
3705.763369565217,340930.23,92,RECREATION DIRECTOR
3695.1207692307694,48036.57,13,PRINCIPAL FINGERPRINT TECHNICIAN
3687.5699999999997,22125.42,6,LEGAL SECRETARIAL ASSISTANT - AL 1 ONLY
3687.1754545454546,40558.93,11,CAPTAIN DETAILED AS ASSISTANT CHIEF
3652.457,219147.41999999998,60,ASSOCIATE QUALITY ASSURANCE SPECIALIST
3618.5125000000003,159214.55000000002,44,EXECUTIVE AGENCY COUNSEL
3561.1516666666666,106834.55,30,STAFF NURSE ASSIGNMENT LEVEL 2
3538.2415670436185,2190171.53,619,PUBLIC HEALTH NURSE
3510.5890909090904,38616.479999999996,11,PUBLIC RECORDS OFFICER
3510.07,3510.07,1,DIRECTOR OF ALT SENTENCING AND OFFENDER RE-ENTRY PROGS QN DA
3479.9043396226416,184434.93,53,GRAPHIC ARTIST
3468.1324999999997,13872.529999999999,4,SENIOR SCHOOL-NEIGHBORHOOD WORKER
3453.8425,69076.85,20,PLAN EXAMINER
3445.6099999999997,6891.219999999999,2,ADMIN LANDMARKS PRESERVATIONIST
3383.834444444444,30454.51,9,ASSISTANT BUDGET ANALYST
3337.934583333333,80110.43,24,RADIO AND TELEVISION OPERATOR
3311.98950617284,268271.15,81,INSPECTOR PLUMBING
3306.153333333333,9918.46,3,*CUSTODIAL ASSISTANT
3284.9345000000003,65698.69,20,INTERPRETER
3280.8075757575757,108266.65,33,SENIOR RACKETS INVESTIGATOR
3273.8047899159665,389582.77,119,CYBER SECURITY ANALYST
3266.8975,13067.59,4,DEPUTY ASSISTANT DIRECTOR
3207.5466666666666,9622.64,3,DEPARTMENT LIBRARIAN
3152.066666666667,28368.600000000002,9,ACTUARIAL SPECIALIST LEVEL I
3142.4032510288066,763603.99,243,TAXI AND LIMOUSINE INSPECTOR
3140.5365625,100497.17,32,SR HEALTHCARE PROG PLAN ANLYST
3111.9725,12447.89,4,*ASSIST COORDINATING MANAGER
3109.504,124380.16,40,CITY TAX AUDITOR
3104.92,6209.84,2,DEPUTY DIRECTOR OF MOTOR EQUIPMENT MAINTENANCE
3103.239,124129.56,40,PROBATION OFFICER TRAINEE
2997.391818181818,131885.24,44,IT ASSOCIATE
2979.6005,536328.09,180,*COOK
2966.866033057851,358990.79,121,CITY MEDICAL SPECIALIST
2942.85,2942.85,1,DEPUTY CHIEF RACKETS INVESTIGATOR
2923.09,2923.09,1,CIVILIANIZATION MANAGER-PD
2910.425675675676,107685.75,37,FITNESS INSTRUCTOR
2900.5209890109886,263947.41,91,ASSOCIATE SCHOOL FOOD SERVICE MANAGER
2891.867142857143,20243.07,7,COMPUTER PROGRAMMER ANALYST
2876.1266666666666,8628.38,3,PRINCIPAL MULTIPLE DWELLING SPECIALIST
2837.71,5675.42,2,FINANCE OFFICER
2823.02625,22584.21,8,ADMIN ASST-CAMPAIGN FIN BOARD
2787.6747863247865,326157.95,117,AGENCY ATTORNEY INTERNE
2775.2064,138760.32,50,PHOTOGRAPHER
2733.376304347826,251470.62,92,JOB OPPORTUNITY SPECIALIST
2706.270625,43300.33,16,FAMILY PUB HEALTH NURSE
2696.45,2696.45,1,ASSISTANT CHIEF FIRE MARSHAL
2695.06530089039,17555655.37,6514,COMMUNITY ASSOCIATE
2680.181926605505,292139.83,109,CITY PARKING EQUIPMENT SERVICE WORKER
2660.289714285714,93110.14,35,SURVEYOR
2659.8514814814816,143631.98,54,PUBLIC HEALTH ASSISTANT
2658.0,2658.0,1,GARDENER (CUNY)
2652.74,7958.219999999999,3,DIRECTOR OF TELEVISION
2642.8566666666666,39642.85,15,SENIOR DETECTIVE INVESTIGATOR START >4-24-08 NO ABC
2605.1099999999997,13025.55,5,SUPERINTENDENT OF WATER AND SEWER SYSTEMS
2595.2014903129657,1741380.2,671,URBAN PARK RANGER
2589.5930281690144,367722.21,142,CONFIDENTIAL INVESTIGATOR
2575.9617894736843,489432.74,190,APPRENTICE
2561.815625,40989.05,16,ASSISTANT TO HEO
2556.607619047619,53688.76,21,EMERGENCY PREPARDNESS MANAGER
2534.4981395348836,108983.42,43,COMPUTER AIDE-NON-SPVR
2512.5516666666667,60301.24,24,HEALTH SERVICES MANAGER NON MANAGERIAL LEVEL II
2509.8045692883893,670117.82,267,PUBLIC HEALTH ADVISER
2477.2540833333333,297270.49,120,COMMUNITY SERVICE AIDE
2469.957552447552,353203.93,143,ASSISTANT RETIREMENT BENEFITS EXAMINER
2467.0244444444447,22203.22,9,BUSINESS PROMOTION COORDINATOR
2450.669696969697,404360.5,165,ASSISTANT PLAN EXAMINER
2440.9906666666666,36614.86,15,ADMINISTRATIVE INSPECTOR
2395.823192982456,682809.61,285,SECRETARY
2367.055918367347,115985.74,49,LABORATORY ASSOCIATE
2363.55,18908.4,8,ADMINISTRATIVE STOREKEEPER
2317.338157894737,88058.85,38,BUSINESS DATA AND REPORTING ANALYST
2287.785,4575.57,2,AGENCY MEDICAL DIRECTOR
2270.0675,90802.7,40,CONFIDENTIAL STRATEGY PLANNER
2247.125,8988.5,4,COUNSELOR
2224.855,4449.71,2,DEPUTY CHIEF INFORMATION TECHNOLOGY OFFICER
2174.8117391304345,100041.34,46,HEALTH SERVICES MANAGER NON MANAGERIAL LEVEL I
2157.8752996845424,1368092.94,634,POLICE ADMINISTRATIVE AIDE
2148.4155,42968.31,20,ASSOCIATE URBAN DESIGNER
2146.425,4292.85,2,COMPUTER OPERATOR
2127.741666666667,25532.9,12,OFFICE MACHINE AIDE
2125.44,2125.44,1,EXECUTIVE ASST TO THE COMMISSIONER
2090.1564285714285,29262.19,14,HIGHER EDUCATION ASSISTANT
2085.2629239766084,356579.96,171,CRIME ANALYST
2078.99,2078.99,1,DIRECTOR OF HEALTH & SAFETY
2078.0435416666664,99746.09,48,CASE - MANAGEMENT NURSE
2072.37,4144.74,2,SECRETARY TO THE EXEC DEPUTY COMMISSIONER
2051.7194444444444,36930.95,18,FOOD SERVICE MANAGER
2028.1966292134832,180509.5,89,IT ASSISTANT
2020.307027027027,74751.36,37,ASSOCIATE FINGERPRINT TECHNICIAN
2009.32,2009.32,1,COLLEGE PRINT SHOP COORDINATOR
2009.32,2009.32,1,EXECUTIVE INSPECTOR
2000.6645454545455,44014.62,22,ADMINISTRATIVE PUBLIC HEALTH NURSE
1990.0600000000002,5970.18,3,*CERTIFIED APPLICATIONS DEVELOPER
1986.2078378378378,73489.69,37,ASSOCIATE CALL CENTER REPRESENTATIVE-NON-SPVR
1984.43,21828.73,11,ASSISTANT DISTRICT ATTORNEY
1921.5353424657533,561088.32,292,RECREATION SPECIALIST
1899.5590731707318,1168228.83,615,CUNY CUSTODIAL ASSISTANT
1889.7755555555557,102047.88,54,CITY PEST CONTROL AIDE
1839.0463636363638,20229.510000000002,11,DIETARY AIDE
1756.5,1756.5,1,TELECOMMUNICATION MANAGER
1747.0866517549896,5077033.81,2906,CITY PARK WORKER
1711.8858333333335,164341.04,96,HOUSING EXTERMINATOR
1698.4636842105265,32270.81,19,MAYORAL OFFICE ASSISTANT
1696.9942857142855,35636.88,21,STAFF ANALYST TRAINEE
1660.8398809523808,139510.55,84,EDUCATION OFFICER
1656.7,9940.2,6,EMPLOYEE ASSISTANCE PROGRAM SPECIALIST
1652.89375,13223.15,8,ADMINISTRATIVE COMMUNITY RELATIONS SPECIALIST
1637.1539037433156,306147.78,187,SCHOOL LUNCH ASSISTANT COOK
1635.4533333333336,4906.360000000001,3,INTELLIGENCE RESEARCH MANAGER-PD
1628.89,1628.89,1,DIRECTOR OF INTERNAL AFFAIRS - PD
1601.43,1601.43,1,SIGN LANGUAGE INTERPRETER
1499.7951886792453,158978.29,106,SUBSTANCE ABUSE PREVENTION & INTERVENTION SPECIALIST
1499.065,5996.26,4,HELICOPTER PILOT
1433.5441897233202,362686.68,253,CALL CENTER REPRESENTATIVE
1422.1366666666665,4266.41,3,ASSISTANT COLLEGE SECURITY DIRECTOR
1418.893559322034,83714.72,59,CONSULTANT
1399.5663636363636,15395.23,11,ASSOCIATE ARTS PROGRAMS SPECIALIST
1392.846,6964.23,5,STAFF AUDIOLOGIST
1383.88,4151.64,3,SCHOOL PLANT MANAGER
1363.595,2727.19,2,STRATEGI INITIATIVE SPECIALIST
1354.0128571428572,9478.09,7,RESEARCH PROJECTS COORDINATOR
1348.1575,5392.63,4,SUPERVISING DOCKMASTER
1346.7978947368422,51178.32,38,LEAD THEATRE TECHNICIAN
1335.3517391304347,30713.09,23,IT SENIOR ASSOCIATE
1326.7290476190476,27861.31,21,TESTS AND MEASUREMENT SPECIALIST
1315.18,10521.44,8,ASSOCIATE PUBLIC INFORMATION SPECIALIST
1312.6631958762887,509313.32,388,SENIOR SCHOOL LUNCH AIDE
1279.8971428571429,8959.28,7,ADMINISTRATIVE PROCUREMENT ANALYST
1264.9726666666668,18974.59,15,ASSISTANT LANDSCAPE ARCHITECT
1257.17012987013,387208.4,308,BUDGET ANALYST
1249.7572711571675,723609.46,579,SCHOOL FOOD SERVICE MANAGER
1248.6284210526314,23723.94,19,STAFF ASSISTANT
1165.8999999999999,3497.7,3,MEDICOLEGAL ANALYST
1162.325,4649.3,4,ADMINISTRATIVE PROJECT DIRECTOR
1150.99,3452.97,3,SENIOR FIELD SUPERVISOR
1148.3525,32153.87,28,MAYORAL PROGRAM COORDINATOR
1135.25,2270.5,2,ADMIN DIR OF LABORATORY
1100.2044700460829,238744.37,217,SANITATION ENFORCEMENT AGENT
1098.6271428571429,7690.389999999999,7,BOOKBINDER
1096.5882352941176,18642.0,17,ASSISTANT CITY ASSESSOR
1092.3937589158345,1531536.05,1402,LIFEGUARD
1090.32,2180.64,2,CHIEF DOCKMASTER
1083.86,1083.86,1,AGENCY CHIEF DECARBONIZATION OFFICER
1062.3,1062.3,1,SECRETARY TO THE EXECUTIVE DIRECTOR
1052.805,8422.44,8,HOMEMAKER
1042.6046464646465,103217.86,99,CUNY OFFICE ASSISTANT
1007.6550000000001,6045.93,6,MECHANICAL ENGINEERING INTERN
1006.2777777777778,18113.0,18,ARCHITECT
1001.1969999999999,10011.97,10,JUNIOR PUBLIC HEALTH NURSE
989.4372881355932,58376.8,59,FORESTER
988.7204615384616,64266.83,65,SCHOOL LUNCH ASSISTANT
975.93,975.93,1,*COORDINATING MANAGER
969.4533333333333,2908.3599999999997,3,ASSISTANT URBAN DESIGNER
957.4793087557604,831092.04,868,SCHOOL LUNCH AIDE
954.2166666666667,8587.95,9,MARKET AGENT
946.3190000000001,9463.19,10,DISTRICT MANAGER OF ADMINISTRATION AND BUSINESS AFFAIRS
945.3322222222222,17015.98,18,INSPECTOR BOILERS
907.8457495107633,2319545.89,2555,CITY SEASONAL AIDE
887.73,887.73,1,DEPUTY CHIEF CLERK
883.3064705882352,30032.42,34,CLERICAL AIDE
879.2745454545455,38688.08,44,IT SUPPORT ASSISTANT
864.4907894736842,32850.65,38,LANDMARKS PRESERVATIONIST
847.81,1695.62,2,PROGRAM COORDINATOR
805.1095652173914,18517.52,23,EDUCATION ANALYST
789.9142857142858,5529.400000000001,7,ELECTRICAL ENGINEERING INTERN
786.4216666666666,4718.53,6,ADMINISTRATIVE SCHOOL FOOD SERVICE MANAGER
785.06,785.06,1,AUTOMOTIVE SPECIALIST
785.0136363636364,8635.15,11,RESEARCH PROJECTS COORD
771.1633333333334,2313.4900000000002,3,HELICOPTER MECHANIC
765.34,765.34,1,ADMINISTRATIVE ASSESSOR
715.4666666666667,2146.4,3,CITY CLINICIAN
714.6,714.6,1,DEPUTY EXECUTIVE DIRECTOR CAMPAIGN FINANCE BOARD
711.4,1422.8,2,HEALTH SERVICES MANAGER
708.22875,11331.66,16,PROBATION ASSISTANT
667.2375,5337.9,8,GEOLOGIST
660.99,1321.98,2,CONFIDENTIAL SECRETARY TO THE DEPUTY COMMISSIONER
653.2036842105264,12410.87,19,CUNY ADMINISTRATOR ASSISTANT
639.29,639.29,1,COMPUTER SYSTEM MANAGER
633.948,6339.48,10,BUSINESS RESEARCH & DATA ANALYTICS SPECIALIST
600.7225,7208.67,12,MAIL/MESSAGE SERVICES WORKER
599.0455555555556,5391.41,9,COLLEGE ACCOUNTING ASSISTANT
594.5614285714286,16647.72,28,FINGERPRINT TECHNICIAN TRAINEE
593.66,593.66,1,ADMINISTRATIVE DIRECTOR OF LABORATORY
587.5999999999999,1175.1999999999998,2,SECRETARY TO THE DEPUTY CHANCELLOR
577.9366666666667,5201.43,9,COLLEGE PRINT SHOP SPECIALIST
567.7860752688173,105608.21,186,PLAYGROUND ASSOCIATE
555.96,3335.76,6,STENOGRAPHIC SPECIALIST
532.204,5322.04,10,PURCHASING AGENT
510.59,510.59,1,SENIOR MENTAL HEALTH WORKER
510.005,1020.01,2,SECRETARY TO THE CHANCELLOR
509.3718181818182,5603.09,11,SERVICE INSPECTOR
495.91,495.91,1,ADMINISTRATIVE DEPUTY REGISTER
471.69,943.38,2,STENOGRAPHIC/SECRETARIAL ASSOCIATE
465.7999301615015,1067147.64,2291,JOB TRAINING PARTICIPANT
461.955,923.91,2,"DIRECTOR, ENERGY MANAGEMENT STRATEGY"
438.22,438.22,1,CHILDREN'S COUNSELOR
430.96750000000003,3447.7400000000002,8,FOOD SERVICE ADMINISTRATOR
404.935,809.87,2,*SYSTEMS ANALYST
400.08666666666664,1200.26,3,ENVIRONMENTAL POLICE OFFICER-MANAGERIAL
397.13916449086156,152104.3,383,COLLEGE ASSISTANT
391.95,391.95,1,DIRECTOR OF BUDGET STUDIES & ECONOMIC RESEARCH
388.6138461538461,5051.98,13,INVESTIGATOR EMPL DISC
372.7,2981.6,8,ASSOCIATE CORRECTIONAL COUNSELOR
352.84666666666664,2117.08,6,ADMINISTRATIVE RETIREMENT BENEFITS SPECIALIST
305.91,305.91,1,EOC MAIL/MESSAGE SERVICES WORKER
300.4362857142857,10515.27,35,ADMINISTRATIVE ASSISTANT TO COMMUNITY EDUCATION COUNCIL
299.45,299.45,1,DIRECTOR OF LEASED HOUSING
297.86,297.86,1,ASSISTANT CORPORATION COUNSEL
297.6166666666666,892.8499999999999,3,PUPPETEER
288.1633333333333,4322.45,15,COLLEGE AIDE
282.53,282.53,1,TAX MAP CARTOGRAPHER
279.995,1119.98,4,COLLECTIONS SPECIALIST
271.32,271.32,1,CHEMICAL ENGINEER
268.9630769230769,3496.52,13,COLLEGE AIDE - ASSIGNMENT LEVELS II AND III
268.45,268.45,1,AGENCY DEPUTY MEDICAL DIRECTOR
262.548,2625.48,10,INTERPRETER/TRANSLATOR
251.015,1004.06,4,CITY SERVICE AIDE
246.49310344827586,7148.3,29,NEW YORK CITY PUBLIC SERVICE FELLOW
244.051875,3904.83,16,SPECIAL EXAMINER
242.575,485.15,2,ADMINISTRATIVE CONSTRUCTION PROJECT MANAGER
236.62,236.62,1,ADMINISTRATIVE SUPERINTENDENT OF BRIDGE OPERATIONS
235.0,235.0,1,ASSISTANT TO THE PRESIDENT
228.24714285714285,1597.73,7,EXECUTIVE ASSISTANT
219.35875,1754.87,8,EOC ASSISTANT
209.69,209.69,1,SECRETARY TO THE FIRST ASSISTANT CORPORATION COUNSEL
206.43666666666664,619.31,3,MULTIPLE DWELLING SPECIALIST
200.62095238095236,29491.28,147,EMERGENCY MEDICAL SPECIALIST TRAINEE
178.272,1782.72,10,SANITATION COMPLIANCE AGENT
177.14499999999998,354.28999999999996,2,CONFIDENTIAL STRAEGY PLANNER
176.815,353.63,2,SCHOOL-NEIGHBORHOOD WORKER
176.08,176.08,1,CAPTAIN DETAILED AS CHIEF OF PATROL
173.93,173.93,1,ASSISTANT PURCHASING AGENT
170.15333333333334,510.46000000000004,3,COLLEGE ACCOUNTANT
153.75,153.75,1,LANDSCAPE ARCHITECT INTERN
150.73999999999998,452.21999999999997,3,FACILITIES COORDINATOR
148.79,297.58,2,ASSISTANT ACCOUNTANT
147.46,147.46,1,ADMINISTRATOR SUPT CAMPUS B/G
146.475,292.95,2,EOC ACCOUNTING ASSISTANT
139.05,139.05,1,PRIVATE SECRETARY
138.17,138.17,1,REAL PROPERTY MANAGER
127.468,637.34,5,PROBATION ADJUNCT TRAINER
123.125,738.75,6,EOC OFFICE ASSISTANT
117.19500000000001,234.39000000000001,2,COLLEGE PRINT SHOP ASSOCIATE
114.495,228.99,2,RESEARCH AND LIAISON COORDINATOR
113.92999999999999,569.65,5,STATISTICAL SECRETARY
101.43,101.43,1,ASSOCIATE LANDMARKS PRESERVATIONIST
100.13,100.13,1,CITY ELEVATOR OPERATOR
89.28,89.28,1,CONSULTANT PUBLIC HEALTH NURSE
84.39500000000001,168.79000000000002,2,HUMAN RESOURCES TECHNICIAN
82.61500000000001,165.23000000000002,2,DIRECTOR OF CORRECTIONAL STANDARDS REVIEW
81.14500000000001,162.29000000000002,2,SENIOR SECRETARY
68.58,68.58,1,NURSE PRACTICIONER
65.58,131.16,2,ASST COMMISSIONER FOR POLICY AND COMMUNITY RESILIENCE
58.93000000000001,176.79000000000002,3,PHYSICIAN
58.04333333333333,174.13,3,*SR MANAGEMENT CONSULTANT
55.63,55.63,1,DIRECTOR OF PUBLIC RELATIONS
43.14604166666666,6213.03,144,SCHOOL CROSSING GUARD
38.935,155.74,4,EDUCATION ANALYST TRAINEE
37.99,37.99,1,COLLEGE SECURITY DIRECTOR
37.784000000000006,188.92000000000002,5,QUALITY ASSURANCE SPECIALIST TRAINEE
37.33,37.33,1,EXAMINER OF ACCOUNTS
28.0,28.0,1,ADMINISTRATIVE PUBLIC INFORMATION SPECIALIST
20.853333333333335,62.56,3,HORSESHOER
20.81,20.81,1,ADMINISTRATIVE PROBATION OFFICER
19.455,38.91,2,INSPECTOR GENERAL
17.06,17.06,1,CONFIDENTIAL ASST TO THE EXECUTIVE DIR
15.75,15.75,1,LABOR RELATIONS ANALYST
12.75,12.75,1,PRINCIPAL SCHOOL-NEIGHBORHOOD WORKER
12.28,12.28,1,CONFIDENTIAL ASSISTANT TO THE COMMISSIONER
10.08,10.08,1,CONTRACT REVIEWER
10.06,10.06,1,DIRECTOR OF COUNTERMEASURES AND RESPONSE
8.98,8.98,1,SECRETARY TO THE CHIEF ACTUARY
7.89,7.89,1,STENOGRAPHER TO THE CORPORATION COUNSEL
7.42,7.42,1,MANAGEMENT AUDITOR TRAINEE
6.16,6.16,1,EXECUTIVE ASST-DOMESTIC VIOLENCE-HRA
5.29,5.29,1,EXECUTIVE ASSISTANT TO THE DIRECTOR OF ADMINISTRATION
4.8500000000000005,9.700000000000001,2,AREA MANAGER OF SCHOOL MAINTENANCE
4.02,4.02,1,ASSISTANT TO THE COMMISSIONER OF PARKS AND RECREATION
3.86,3.86,1,CONFIDENTIAL SECRETARY OF ADMINISTRATIVE LAW JUDGE
2.17,2.17,1,*ASSISTANT ADVOCATE-PD
0.91,0.91,1,CONFIDENTIAL EXAMINER
0.14,0.14,1,DIRECTOR CRIMINAL JUSTICE DATA SHARE AND INFO SERVICES
0.13,0.13,1,INVESTMENT ANALYST
